{
  "dataset": "AESLC",
  "sample_count": 95,
  "baseline": {
    "rouge1": 0.20083272730768295,
    "rouge2": 0.028223434593720488,
    "rougeL": 0.1286228666629999,
    "bleu": 0.010875764427364265,
    "bertscore": 0.8241872160058272
  },
  "cuckoo_filter_abstract": {
    "rouge1": 0.18666973324158243,
    "rouge2": 0.034257436172914185,
    "rougeL": 0.1299179968117865,
    "bleu": 0.00964519049100162,
    "bertscore": 0.8123837935297112
  },
  "changes": {
    "rouge1": -7.052134508138362,
    "rouge2": 21.379402138874408,
    "rougeL": 1.0069206062557468,
    "bleu": -11.314827059571341,
    "bertscore": -1.4321287987597873
  }
}