{
  "baseline_rag": {
    "metrics": {
      "rouge1": 0.22796006628363433,
      "rouge2": 0.07839677692739096,
      "rougeL": 0.15413252570973526,
      "bleu": 0.05364687112461367,
      "bertscore": 0.8247789919376374
    },
    "avg_time": 40.61457691192627,
    "num_samples": 30,
    "num_errors": 0,
    "num_success": 30
  },
  "cuckoo_filter": {
    "metrics": {
      "rouge1": 0.24083776779577734,
      "rouge2": 0.07818897565283091,
      "rougeL": 0.16990404237825257,
      "bleu": 0.05291637603194013,
      "bertscore": 0.8297469158967336
    },
    "avg_time": 17.725631848971048,
    "num_samples": 30,
    "num_errors": 0,
    "num_success": 30
  },
  "comparison": {
    "rouge1_diff": 0.012877701512143014,
    "rouge2_diff": -0.00020780127456004882,
    "rougel_diff": 0.01577151666851731,
    "bleu_diff": -0.0007304950926735401,
    "bertscore_diff": 0.004967923959096177,
    "time_diff": -22.888945062955223,
    "time_diff_pct": -56.35647790346425
  }
}