{
  "dataset": "DART",
  "sample_count": 150,
  "baseline": {
    "rouge1": 0.5664429232052302,
    "rouge2": 0.39377802313120186,
    "rougeL": 0.47527893308353897,
    "bleu": 0.2580858204891411,
    "bertscore": 0.9128280798594157
  },
  "cuckoo_filter_abstract": {
    "rouge1": 0.7267262574443167,
    "rouge2": 0.5219867499127423,
    "rougeL": 0.5893304165997953,
    "bleu": 0.3640303461924182,
    "bertscore": 0.9319112090269724
  },
  "changes": {
    "rouge1": 28.296466894161142,
    "rouge2": 32.55862929120931,
    "rougeL": 23.996747084140114,
    "bleu": 41.05011484260706,
    "bertscore": 2.0905501910606987
  }
}